{"initial_reset_timestamp": 1619153186.7152004, "timestamps": [1619153186.7962594, 1619153186.884802, 1619153186.9638295, 1619153187.0334716, 1619153187.1684432, 1619153187.2472212, 1619153187.2947564, 1619153187.3496637, 1619153187.4354122, 1619153187.725641, 1619153187.9773376], "episode_lengths": [118, 130, 93, 101, 202, 122, 89, 85, 75, 116, 101], "episode_rewards": [-460.0352458027506, -643.5228881623693, -258.6049455172855, -251.70823479552303, -465.1364799253115, -203.82688632226973, -243.76169695524035, -365.1220276146487, -217.71547106543855, -435.207266603621, -116.19359903259638], "episode_types": ["t", "t", "t", "t", "t", "t", "t", "t", "t", "t", "t", "t"]}